key,enabled,identity,password,username
user-account-anonymous-01,false,"UserIdentity{name: 'John', surname: 'Doe', email: 'john.doe@acme.com'}",HIDDEN-PASSWORD,anonymous
user-account-administrator-01,true,"UserIdentity{name: 'Administrator', surname: 'Acme', email: 'administrator@acme.com'}",administrator,administrator
user-account-lecturer-01,true,"UserIdentity{name: 'Ivan', surname: 'Cabesita', email: 'ivanelloco@acme.com'}",lecturer1,lecturer1
user-account-lecturer-02,true,"UserIdentity{name: 'Lucia', surname: 'Reguera', email: 'lucia@acme.com'}",lecturer2,lecturer2
user-account-assistant-01,false,"UserIdentity{name: 'Manolo', surname: 'Perez', email: 'manolo@acme.com'}",assistant1,assistant1
user-account-assistant-02,false,"UserIdentity{name: 'Simon', surname: 'Rivia', email: 'simon@acme.com'}",assistant2,assistant2
user-account-administrator-02,false,"UserIdentity{name: 'Administrator1', surname: 'Acme', email: 'administrator1@acme.com'}",administrator1,administrator1
user-account-administrator-03,false,"UserIdentity{name: 'Administrator2', surname: 'Acme', email: 'administrator2@acme.com'}",administrator2,administrator2
user-account-auditor-01,true,"UserIdentity{name: 'Jose', surname: 'Reina', email: 'josereina@acme.com'}",auditor1,auditor1
user-account-auditor-02,false,"UserIdentity{name: 'Antonio', surname: 'Mu√±oz', email: 'antoniomunoz@acme.com'}",auditor2,auditor2
user-account-student-01,false,"UserIdentity{name: 'Pedro', surname: 'Reguera', email: 'pedro@acme.com'}",student1,student1
user-account-student-02,false,"UserIdentity{name: 'Fernando', surname: 'Alonso', email: 'falonso@acme.com'}",student2,student2
user-account-company-01,false,"UserIdentity{name: 'Joseph', surname: 'Pietro', email: 'jopie@acme.com'}",company1,company1
user-account-company-02,false,"UserIdentity{name: 'Retal', surname: 'Cerca', email: 'retcer@acme.com'}",company2,company2
user-account-company-03,false,"UserIdentity{name: 'Joseph', surname: 'Pietro', email: 'jopie@acme.com'}",company3,company3
user-account-company-04,false,"UserIdentity{name: 'Retal', surname: 'Cerca', email: 'retcer@acme.com'}",company4,company4
user-account-company-05,false,"UserIdentity{name: 'Joseph', surname: 'Pietro', email: 'jopie@acme.com'}",company5,company5
user-account-company-06,false,"UserIdentity{name: 'Retal', surname: 'Cerca', email: 'retcer@acme.com'}",company6,company6
user-account-company-07,false,"UserIdentity{name: 'Joseph', surname: 'Pietro', email: 'jopie@acme.com'}",company7,company7
